"Agua de refrigeración","Código de colores IS-2379 para servicios generales","Verde mar","Azul francés",""
"Agua para alimentación de la caldera","Código de colores IS-2379 para servicios generales","Verde mar","Rojo golfo",""
"Condensar","Código de colores IS-2379 para servicios generales","Verde mar","Marrón claro",""
"Agua potable","Código de colores IS-2379 para servicios generales","Verde mar","Azul francés","Rojo señal"
"Agua tratada","Código de colores IS-2379 para servicios generales","Verde spa","Naranja claro",""
"Agua contra incendios","Código de colores IS-2379 para servicios generales","Rojo fuego","Rojo carmesí",""
"Calefacción central por debajo de 60°C","Código de colores IS-2379 para servicios generales","Verde mar","Amarillo canario",""
"Calefacción central 60°C a 100°C","Código de colores IS-2379 para servicios generales","Verde mar","Violeta oscuro",""
"Calefacción central por encima de 100°C","Código de colores IS-2379 para servicios generales","Verde mar","Violeta oscuro","Rojo señal"
"Servicio de bajada de agua fría desde tanques de almacenamiento.","Código de colores IS-2379 para servicios generales","Verde mar","Azul francés","Amarillo canario"
"Agua caliente sanitaria","Código de colores IS-2379 para servicios generales","Verde mar","Gris claro",""
"Energía hidráulica Agua","Código de colores IS-2379 para servicios generales","Verde mar","Negro",""
"Agua de mar, río, agua no tratada","Código de colores IS-2379 para servicios generales","Verde mar","Blanco",""
"Agua filtrada","Código de colores IS-2379 para servicios generales","Verde mar","Marrón claro",""
"Agua suave","Código de colores IS-2379 para servicios generales","Verde mar","Marrón claro","Rojo señal"
"Agua tibia","Código de colores IS-2379 para servicios generales","Verde mar","Gris claro","Amarillo canario"
"agua helada","Código de colores IS-2379 para servicios generales","Verde mar","Negro","Amarillo canario"
"Agua de riego y de hidrante","Código de colores IS-2379 para servicios generales","Verde mar","Blanco","Rojo señal"
"Aguas residuales","Código de colores IS-2379 para servicios generales","Verde mar","Amarillo canario","Rojo señal"
"Aire comprimido hasta 15 kg/cm inclusive.","Código de colores IS-2379 para servicios generales","Azul cielo","",""
"Comprimido a más de 15 kg/cm'","Código de colores IS-2379 para servicios generales","Azul cielo","Rojo señal",""
"Planta de aire","Código de colores IS-2379 para servicios generales","Azul cielo","Gris plateado",""
"Instrumento de viento","Código de colores IS-2379 para servicios generales","Azul cielo","Azul francés",""
"vacío seco","Código de colores IS-2379 para servicios generales","Blanco","",""
"vacío húmedo","Código de colores IS-2379 para servicios generales","Blanco","Violeta oscuro",""
"Vapor a muy alta presión","Código de colores IS-2379 para servicios generales","Aluminio según IS 2339","Rojo señal",""
"Vapor a alta presión","Código de colores IS-2379 para servicios generales","Aluminio según IS 2339","Azul francés",""
"Vapor de media presión","Código de colores IS-2379 para servicios generales","Aluminio según IS 2339","Rojo golfo",""
"Vapor a baja presión","Código de colores IS-2379 para servicios generales","Aluminio según IS 2339","Amarillo canario",""
"Drenaje","Código de colores IS-2379 para servicios generales","Negro","",""
"Gas ciudad","Código de colores IS-2379 para servicios generales","Amarillo canario","",""
"Combustible diésel ligero","Código de colores IS-2379 para servicios generales","Marrón claro","Verde brillante",""
"Combustible diésel de alta velocidad,","Código de colores IS-2379 para servicios generales","Marrón claro","",""
"Parafina","Código de colores IS-2379 para servicios generales","Marrón claro","Rojo señal",""
"Aceite de enfriamiento","Código de colores IS-2379 para servicios generales","Marrón claro","Amarillo canario",""
"Combustible de horno","Código de colores IS-2379 para servicios generales","Marrón claro","Azul francés",""
"Aceite lubricante","Código de colores IS-2379 para servicios generales","Marrón claro","Gris claro",""
"Poder hidráulico","Código de colores IS-2379 para servicios generales","Marrón claro","Violeta oscuro",""
"Aceite del transformador","Código de colores IS-2379 para servicios generales","Marrón claro","Naranja claro",""
"Aire","Código de colores IS-2379 para gases medicinales","Azul cielo","Blanco","Negro"
"ciclopropano","Código de colores IS-2379 para gases medicinales","Amarillo canario","Naranja claro",""
"Dióxido de carbono","Código de colores IS-2379 para gases medicinales","Amarillo canario","Gris claro",""
"Etileno","Código de colores IS-2379 para gases medicinales","Amarillo canario","Amarillo oscuro","Rojo señal"
"Helio","Código de colores IS-2379 para gases medicinales","Amarillo canario","Marrón claro",""
"Oxígeno","Código de colores IS-2379 para gases medicinales","Amarillo canario","Blanco",""
"Mezcla de oxígeno y dióxido de carbono","Código de colores IS-2379 para gases medicinales","Amarillo canario","Blanco","Gris claro"
"Mezcla de oxígeno y helio","Código de colores IS-2379 para gases medicinales","Amarillo canario","Blanco","Marrón claro"
"Óxido nitroso","Código de colores IS-2379 para gases medicinales","Amarillo canario","Azul francés","Rojo señal"
"Nitrógeno","Código de colores IS-2379 para gases medicinales","Amarillo canario","Negro",""
"Vacío","Código de colores IS-2379 para gases medicinales","Azul cielo","Negro",""
"Propileno FP (líquido)","Código de colores IS-2379 para hidrocarburos y nafta","Gris almirante oscuro","Verde brillante",""
"Propileno ( CG ) ( Líquido )","Código de colores IS-2379 para hidrocarburos y nafta","Gris almirante oscuro","Verde brillante","Gris humo"
"Etilenglicol","Código de colores IS-2379 para hidrocarburos y nafta","Gris almirante oscuro","Verde brillante","Rojo golfo"
"Dicloruro de etileno","Código de colores IS-2379 para hidrocarburos y nafta","Gris almirante oscuro","Rojo golfo",""
"Benceno","Código de colores IS-2379 para hidrocarburos y nafta","Gris almirante oscuro","Amarillo canario",""
"butadina","Código de colores IS-2379 para hidrocarburos y nafta","Gris almirante oscuro","Negro",""
"Acetona","Código de colores IS-2379 para hidrocarburos y nafta","Gris almirante oscuro","Negro","Amarillo canario"
"Metanol","Código de colores IS-2379 para hidrocarburos y nafta","Gris almirante oscuro","Deep buff",""
"nafta","Código de colores IS-2379 para hidrocarburos y nafta","Gris almirante oscuro","Marrón claro","Negro"
"Ácido fosfórico","Código de colores IS-2379 para hidrocarburos y nafta","Violeta oscuro","Gris plateado",""
"ácido fluorhídrico","Código de colores IS-2379 para hidrocarburos y nafta","Violeta oscuro","Rojo señal","Azul francés"
"Ácido sulfurico","Código de colores IS-2379 para hidrocarburos y nafta","Violeta oscuro","Verde brillante","Naranja claro"
"Ácido nítrico","Código de colores IS-2379 para hidrocarburos y nafta","Violeta oscuro","Azul francés","Naranja claro"
"Ácido clorhídrico","Código de colores IS-2379 para hidrocarburos y nafta","Violeta oscuro","Rojo señal","Naranja claro"
"Ácido acético","Código de colores IS-2379 para hidrocarburos y nafta","Violeta oscuro","Gris plateado",""
"Salmuera","Código de colores IS-2379 para hidrocarburos y nafta","Negro","Blanco",""
"Solución cáustica","Código de colores IS-2379 para hidrocarburos y nafta","Gris humo","Naranja claro",""
"Clasificado","Código de colores IS-2379 para hidrocarburos y nafta","Negro","Amarillo canario",""
"Spinbath ácido sulfúrico concentrativo","Código de colores IS-2379 para hidrocarburos y nafta","Violeta oscuro","Verde brillante","Amarillo canario"
"disolver","Código de colores IS-2379 para hidrocarburos y nafta","","Naranja claro","Blanco"
"causado","Código de colores IS-2379 para hidrocarburos y nafta","Violeta oscuro","Naranja claro",""
"Baño de centrifugado evaporado","Código de colores IS-2379 para hidrocarburos y nafta","Negro","Amarillo canario","Verde brillante"
"Solución floculante","Código de colores IS-2379 para hidrocarburos y nafta","Negro","Verde brillante",""
"Cal","Código de colores IS-2379 para hidrocarburos y nafta","Gris humo","Blanco","Amarillo canario"
"Mercurio","Código de colores IS-2379 para hidrocarburos y nafta","Negro","Blanco","Verde brillante"
"Cáustico de ron","Código de colores IS-2379 para hidrocarburos y nafta","Gris humo","Blanco",""
"Cáustico recuperado","Código de colores IS-2379 para hidrocarburos y nafta","Gris humo","Rojo señal","Blanco"
"disulfuro de carbono","Código de colores IS-2379 para hidrocarburos y nafta","Negro","Naranja claro",""
"Cáustico fuerte","Código de colores IS-2379 para hidrocarburos y nafta","Gris humo","Azul francés","Blanco"
"Cáustico empapado","Código de colores IS-2379 para hidrocarburos y nafta","Gris humo","Amarillo dorado",""
"Sulfuro de sodio","Código de colores IS-2379 para hidrocarburos y nafta","Negro","Verde brillante","Amarillo canario"
"Solución de jabón","Código de colores IS-2379 para hidrocarburos y nafta","Negro","Naranja claro","Blanco"
"Suministro de spinbath","Código de colores IS-2379 para hidrocarburos y nafta","Negro","Blanco","Amarillo canario"
"regreso al baño giratorio","Código de colores IS-2379 para hidrocarburos y nafta","Negro","Amarillo dorado",""
"Solución de carbonato de sodio","Código de colores IS-2379 para hidrocarburos y nafta","Violeta oscuro","Amarillo jazmín",""
"Residuos cáusticos","Código de colores IS-2379 para hidrocarburos y nafta","Violeta oscuro","Blanco","Amarillo canario"
"Baño de centrifugado de residuos","Código de colores IS-2379 para hidrocarburos y nafta","Negro","Amarillo jazmín",""
"Viscosa","Código de colores IS-2379 para hidrocarburos y nafta","Negro","amarillo dorado","Verde brillante"
"Amoníaco","Código de colores IS-2379 para gases industriales","Amarillo canario","Violeta oscuro",""
"Cloro","Código de colores IS-2379 para gases industriales","Amarillo canario","Violeta oscuro","Naranja claro"
"ácido cianhídrico","Código de colores IS-2379 para gases industriales","Amarillo canario","Violeta oscuro","Rojo buzón"
"fenol","Código de colores IS-2379 para gases industriales","Amarillo canario","Violeta oscuro","Gris humo"
"Dióxido de azufre","Código de colores IS-2379 para gases industriales","Amarillo canario","Violeta oscuro","Marrón dorado"
"Acetileno","Código de colores IS-2379 para gases industriales","Amarillo canario","Servicio marrón",""
"Gases de quema","Código de colores IS-2379 para gases industriales","Amarillo canario","",""
"Sulfuro de hidrógeno","Código de colores IS-2379 para gases industriales","Amarillo canario","Rojo golfo",""
"Argón","Código de colores IS-2379 para gases industriales","Amarillo canario","Azul francés",""
"Benzol","Código de colores IS-2379 para gases industriales","Amarillo canario","Violeta oscuro","Azul francés"
"gas de alto horno","Código de colores IS-2379 para gases industriales","Amarillo canario","Rojo señal","Gris claro"
"Butano","Código de colores IS-2379 para gases industriales","Amarillo canario","Rojo señal",""
"Gas de carbón","Código de colores IS-2379 para gases industriales","Amarillo canario","Rojo señal","Verde brillante"
"Dióxido de carbono (templado)","Código de colores IS-2379 para gases industriales","Amarillo canario","Gris claro",""
"Monóxido de carbono","Código de colores IS-2379 para gases industriales","Amarillo canario","Rojo señal","Blanco"
"gas para horno de coque","Código de colores IS-2379 para gases industriales","Amarillo canario","Rojo señal","Violeta oscuro"
"Cloruro de etilo (inflamable)","Código de colores IS-2379 para gases industriales","Amarillo canario","Gris claro","Rojo señal"
"Cloruro de etilo (no inflamable)","Código de colores IS-2379 para gases industriales","Amarillo canario","Gris claro","Blanco"
"Etileno","Código de colores IS-2379 para gases industriales","Amarillo canario","Violeta oscuro","Rojo señal"
"Óxido de etileno","Código de colores IS-2379 para gases industriales","Amarillo canario","Violeta oscuro","Verde brillante"
"Freón (clorofluoroderivado de metano y etano)","Código de colores IS-2379 para gases industriales","Amarillo canario","Gris claro","Violeta oscuro"
"Helio","Código de colores IS-2379 para gases industriales","Amarillo canario","Marrón claro",""
"Hidrógeno","Código de colores IS-2379 para gases industriales","Amarillo canario","Rojo señal","Azul francés"
"Metano","Código de colores IS-2379 para gases industriales","Amarillo canario","Rojo señal","Marrón claro"
"Bromuro de metilo","Código de colores IS-2379 para gases industriales","Amarillo canario","Azul francés","Negro"
"Cloruro de metilo (inflamable)","Código de colores IS-2379 para gases industriales","Amarillo canario","Verde brillante","Rojo señal"
"Cloruro de metilo (no inflamable)","Código de colores IS-2379 para gases industriales","Amarillo canario","Verde brillante","Azul francés"
"Neón","Código de colores IS-2379 para gases industriales","Amarillo canario","Marrón claro","Negro"
"Nitrógeno","Código de colores IS-2379 para gases industriales","Amarillo canario","Negro",""
"Oxígeno","Código de colores IS-2379 para gases industriales","Amarillo canario","Blanco",""
"Propano","Código de colores IS-2379 para gases industriales","Amarillo canario","Rojo señal","Negro"
"Fosgeno","Código de colores IS-2379 para gases industriales","Amarillo canario","Negro","Blanco"
